letter,filename
g,color_6_0277.png
g,color_6_0472.png
g,color_6_0210.png
g,color_6_0089.png
g,color_6_0339.png
g,color_6_0504.png
g,color_6_0385.png
g,color_6_0301.png
g,color_6_0270.png
g,color_6_0193.png
g,color_6_0451.png
g,color_6_0165.png
g,color_6_0188.png
g,color_6_0361.png
g,color_6_0501.png
g,color_6_0096.png
g,color_6_0297.png
g,color_6_0403.png
g,color_6_0135.png
g,color_6_0122.png
g,color_6_0365.png
g,color_6_0494.png
g,color_6_0224.png
g,color_6_0088.png
g,color_6_0355.png
g,color_6_0194.png
g,color_6_0059.png
g,color_6_0491.png
g,color_6_0462.png
g,color_6_0229.png
g,color_6_0489.png
g,color_6_0045.png
g,color_6_0466.png
g,color_6_0267.png
g,color_6_0186.png
g,color_6_0460.png
g,color_6_0085.png
g,color_6_0312.png
g,color_6_0430.png
g,color_6_0324.png
g,color_6_0499.png
g,color_6_0349.png
g,color_6_0345.png
g,color_6_0178.png
g,color_6_0057.png
g,color_6_0306.png
g,color_6_0040.png
g,color_6_0157.png
g,color_6_0023.png
g,color_6_0398.png
g,color_6_0227.png
g,color_6_0396.png
g,color_6_0419.png
g,color_6_0171.png
g,color_6_0380.png
g,color_6_0005.png
g,color_6_0457.png
g,color_6_0094.png
g,color_6_0363.png
g,color_6_0444.png
g,color_6_0083.png
g,color_6_0443.png
g,color_6_0190.png
g,color_6_0198.png
g,color_6_0163.png
g,color_6_0290.png
g,color_6_0151.png
g,color_6_0429.png
g,color_6_0348.png
g,color_6_0162.png
g,color_6_0502.png
g,color_6_0458.png
g,color_6_0384.png
g,color_6_0149.png
g,color_6_0049.png
g,color_6_0520.png
g,color_6_0508.png
g,color_6_0366.png
g,color_6_0367.png
g,color_6_0453.png
g,color_6_0394.png
g,color_6_0498.png
g,color_6_0216.png
g,color_6_0038.png
g,color_6_0016.png
g,color_6_0129.png
g,color_6_0421.png
g,color_6_0321.png
g,color_6_0274.png
g,color_6_0283.png
g,color_6_0144.png
g,color_6_0026.png
g,color_6_0028.png
g,color_6_0177.png
g,color_6_0095.png
g,color_6_0168.png
g,color_6_0102.png
g,color_6_0034.png
g,color_6_0298.png
g,color_6_0208.png
g,color_6_0484.png
g,color_6_0183.png
g,color_6_0090.png
g,color_6_0439.png
g,color_6_0338.png
g,color_6_0261.png
g,color_6_0386.png
g,color_6_0262.png
g,color_6_0392.png
g,color_6_0024.png
g,color_6_0285.png
g,color_6_0070.png
g,color_6_0124.png
g,color_6_0116.png
g,color_6_0442.png
g,color_6_0420.png
g,color_6_0360.png
g,color_6_0072.png
g,color_6_0412.png
g,color_6_0495.png
g,color_6_0019.png
g,color_6_0078.png
g,color_6_0156.png
g,color_6_0247.png
g,color_6_0376.png
g,color_6_0455.png
g,color_6_0154.png
g,color_6_0468.png
g,color_6_0417.png
g,color_6_0379.png
g,color_6_0423.png
g,color_6_0004.png
g,color_6_0098.png
g,color_6_0291.png
g,color_6_0100.png
g,color_6_0526.png
g,color_6_0272.png
g,color_6_0516.png
g,color_6_0041.png
g,color_6_0269.png
g,color_6_0424.png
g,color_6_0181.png
g,color_6_0477.png
g,color_6_0244.png
g,color_6_0316.png
g,color_6_0104.png
g,color_6_0192.png
g,color_6_0105.png
g,color_6_0170.png
g,color_6_0126.png
g,color_6_0137.png
g,color_6_0279.png
g,color_6_0020.png
g,color_6_0080.png
g,color_6_0003.png
g,color_6_0332.png
g,color_6_0522.png
g,color_6_0437.png
g,color_6_0497.png
g,color_6_0081.png
g,color_6_0138.png
g,color_6_0063.png
g,color_6_0486.png
g,color_6_0112.png
g,color_6_0382.png
g,color_6_0295.png
g,color_6_0245.png
g,color_6_0013.png
g,color_6_0397.png
g,color_6_0062.png
g,color_6_0299.png
g,color_6_0524.png
g,color_6_0485.png
g,color_6_0221.png
g,color_6_0479.png
g,color_6_0315.png
g,color_6_0030.png
g,color_6_0035.png
g,color_6_0025.png
g,color_6_0487.png
g,color_6_0518.png
g,color_6_0182.png
g,color_6_0513.png
g,color_6_0328.png
g,color_6_0050.png
g,color_6_0134.png
g,color_6_0483.png
g,color_6_0250.png
g,color_6_0481.png
g,color_6_0357.png
g,color_6_0506.png
g,color_6_0330.png
g,color_6_0225.png
g,color_6_0323.png
g,color_6_0073.png
g,color_6_0071.png
g,color_6_0347.png
g,color_6_0509.png
g,color_6_0207.png
g,color_6_0488.png
g,color_6_0271.png
g,color_6_0432.png
g,color_6_0393.png
g,color_6_0407.png
g,color_6_0431.png
g,color_6_0433.png
g,color_6_0010.png
g,color_6_0032.png
g,color_6_0341.png
g,color_6_0257.png
g,color_6_0136.png
g,color_6_0377.png
g,color_6_0199.png
g,color_6_0446.png
g,color_6_0131.png
g,color_6_0009.png
g,color_6_0465.png
g,color_6_0133.png
g,color_6_0387.png
g,color_6_0033.png
g,color_6_0002.png
g,color_6_0077.png
g,color_6_0503.png
g,color_6_0275.png
g,color_6_0425.png
g,color_6_0445.png
g,color_6_0079.png
g,color_6_0235.png
g,color_6_0354.png
g,color_6_0337.png
g,color_6_0523.png
g,color_6_0456.png
g,color_6_0309.png
g,color_6_0176.png
g,color_6_0342.png
g,color_6_0434.png
g,color_6_0313.png
g,color_6_0327.png
g,color_6_0066.png
g,color_6_0517.png
g,color_6_0325.png
g,color_6_0322.png
g,color_6_0389.png
g,color_6_0471.png
g,color_6_0228.png
g,color_6_0125.png
g,color_6_0234.png
g,color_6_0008.png
g,color_6_0294.png
g,color_6_0092.png
g,color_6_0265.png
g,color_6_0358.png
g,color_6_0528.png
g,color_6_0093.png
g,color_6_0069.png
g,color_6_0286.png
g,color_6_0110.png
g,color_6_0258.png
g,color_6_0454.png
g,color_6_0052.png
g,color_6_0334.png
g,color_6_0031.png
g,color_6_0219.png
g,color_6_0320.png
g,color_6_0507.png
g,color_6_0440.png
g,color_6_0519.png
g,color_6_0375.png
g,color_6_0352.png
g,color_6_0252.png
g,color_6_0107.png
g,color_6_0470.png
g,color_6_0046.png
g,color_6_0326.png
g,color_6_0362.png
g,color_6_0344.png
g,color_6_0142.png
g,color_6_0241.png
g,color_6_0167.png
g,color_6_0335.png
g,color_6_0383.png
g,color_6_0152.png
g,color_6_0074.png
g,color_6_0390.png
g,color_6_0053.png
g,color_6_0067.png
g,color_6_0120.png
g,color_6_0060.png
g,color_6_0438.png
g,color_6_0029.png
g,color_6_0441.png
g,color_6_0505.png
g,color_6_0401.png
g,color_6_0448.png
g,color_6_0039.png
g,color_6_0173.png
g,color_6_0346.png
g,color_6_0476.png
g,color_6_0145.png
g,color_6_0160.png
g,color_6_0311.png
g,color_6_0521.png
g,color_6_0259.png
g,color_6_0254.png
g,color_6_0402.png
g,color_6_0099.png
g,color_6_0055.png
g,color_6_0248.png
g,color_6_0164.png
g,color_6_0204.png
g,color_6_0150.png
g,color_6_0166.png
g,color_6_0117.png
g,color_6_0246.png
g,color_6_0255.png
g,color_6_0452.png
g,color_6_0036.png
g,color_6_0143.png
g,color_6_0459.png
g,color_6_0388.png
g,color_6_0014.png
g,color_6_0512.png
g,color_6_0381.png
g,color_6_0097.png
g,color_6_0478.png
g,color_6_0017.png
g,color_6_0086.png
g,color_6_0169.png
g,color_6_0111.png
g,color_6_0201.png
g,color_6_0364.png
g,color_6_0113.png
g,color_6_0249.png
g,color_6_0318.png
g,color_6_0220.png
g,color_6_0461.png
g,color_6_0447.png
g,color_6_0374.png
g,color_6_0212.png
g,color_6_0115.png
g,color_6_0464.png
g,color_6_0075.png
g,color_6_0109.png
g,color_6_0331.png
g,color_6_0101.png
g,color_6_0263.png
g,color_6_0108.png
g,color_6_0496.png
g,color_6_0141.png
g,color_6_0106.png
g,color_6_0091.png
g,color_6_0492.png
g,color_6_0018.png
g,color_6_0037.png
g,color_6_0435.png
g,color_6_0223.png
g,color_6_0511.png
g,color_6_0127.png
g,color_6_0266.png
g,color_6_0510.png
g,color_6_0076.png
g,color_6_0172.png
g,color_6_0319.png
g,color_6_0132.png
g,color_6_0253.png
g,color_6_0118.png
g,color_6_0205.png
g,color_6_0404.png
g,color_6_0084.png
g,color_6_0480.png
g,color_6_0256.png
g,color_6_0027.png
g,color_6_0213.png
g,color_6_0436.png
g,color_6_0284.png
g,color_6_0184.png
g,color_6_0426.png
g,color_6_0240.png
g,color_6_0047.png
g,color_6_0378.png
g,color_6_0340.png
g,color_6_0146.png
g,color_6_0209.png
g,color_6_0307.png
g,color_6_0525.png
g,color_6_0527.png
g,color_6_0051.png
g,color_6_0515.png
g,color_6_0230.png
g,color_6_0273.png
g,color_6_0314.png
g,color_6_0243.png
g,color_6_0251.png
g,color_6_0333.png
g,color_6_0474.png
g,color_6_0140.png
g,color_6_0175.png
g,color_6_0222.png
g,color_6_0514.png
g,color_6_0187.png
g,color_6_0218.png
g,color_6_0128.png
g,color_6_0015.png
g,color_6_0007.png
g,color_6_0215.png
g,color_6_0021.png
g,color_6_0238.png
g,color_6_0064.png
g,color_6_0288.png
g,color_6_0180.png
g,color_6_0473.png
g,color_6_0012.png
g,color_6_0185.png
g,color_6_0048.png
g,color_6_0214.png
g,color_6_0114.png
g,color_6_0493.png
g,color_6_0475.png
g,color_6_0119.png
g,color_6_0211.png
g,color_6_0130.png
g,color_6_0276.png
g,color_6_0329.png
g,color_6_0391.png
g,color_6_0399.png
g,color_6_0422.png
g,color_6_0217.png
g,color_6_0450.png
g,color_6_0065.png
g,color_6_0189.png
g,color_6_0056.png
g,color_6_0200.png
g,color_6_0490.png
g,color_6_0159.png
g,color_6_0400.png
g,color_6_0482.png
g,color_6_0296.png
g,color_6_0068.png
g,color_6_0278.png
g,color_6_0043.png
g,color_6_0405.png
g,color_6_0289.png
g,color_6_0308.png
g,color_6_0463.png
g,color_6_0006.png
g,color_6_0427.png
g,color_6_0139.png
g,color_6_0121.png
g,color_6_0011.png
g,color_6_0103.png
g,color_6_0343.png
g,color_6_0022.png
g,color_6_0350.png
g,color_6_0317.png
g,color_6_0237.png
g,color_6_0408.png
g,color_6_0155.png
g,color_6_0500.png
g,color_6_0236.png
g,color_6_0336.png
g,color_6_0226.png
g,color_6_0310.png
g,color_6_0153.png
g,color_6_0058.png
g,color_6_0268.png
g,color_6_0174.png
g,color_6_0359.png
g,color_6_0203.png
g,color_6_0179.png
g,color_6_0061.png
g,color_6_0428.png
g,color_6_0414.png
g,color_6_0406.png
g,color_6_0356.png
g,color_6_0260.png
g,color_6_0087.png
g,color_6_0264.png
h,color_7_0265.png
h,color_7_0142.png
h,color_7_0284.png
h,color_7_0295.png
h,color_7_0063.png
h,color_7_0482.png
h,color_7_0148.png
h,color_7_0424.png
h,color_7_0369.png
h,color_7_0048.png
h,color_7_0393.png
h,color_7_0106.png
h,color_7_0273.png
h,color_7_0483.png
h,color_7_0056.png
h,color_7_0094.png
h,color_7_0101.png
h,color_7_0457.png
h,color_7_0493.png
h,color_7_0146.png
h,color_7_0450.png
h,color_7_0064.png
h,color_7_0336.png
h,color_7_0508.png
h,color_7_0039.png
h,color_7_0191.png
h,color_7_0396.png
h,color_7_0051.png
h,color_7_0391.png
h,color_7_0114.png
h,color_7_0180.png
h,color_7_0121.png
h,color_7_0251.png
h,color_7_0050.png
h,color_7_0033.png
h,color_7_0225.png
h,color_7_0523.png
h,color_7_0132.png
h,color_7_0170.png
h,color_7_0315.png
h,color_7_0014.png
h,color_7_0255.png
h,color_7_0338.png
h,color_7_0334.png
h,color_7_0511.png
h,color_7_0035.png
h,color_7_0398.png
h,color_7_0425.png
h,color_7_0310.png
h,color_7_0012.png
h,color_7_0328.png
h,color_7_0419.png
h,color_7_0026.png
h,color_7_0040.png
h,color_7_0444.png
h,color_7_0037.png
h,color_7_0213.png
h,color_7_0305.png
h,color_7_0413.png
h,color_7_0504.png
h,color_7_0267.png
h,color_7_0065.png
h,color_7_0020.png
h,color_7_0159.png
h,color_7_0233.png
h,color_7_0494.png
h,color_7_0195.png
h,color_7_0412.png
h,color_7_0168.png
h,color_7_0346.png
h,color_7_0105.png
h,color_7_0351.png
h,color_7_0236.png
h,color_7_0027.png
h,color_7_0079.png
h,color_7_0487.png
h,color_7_0032.png
h,color_7_0421.png
h,color_7_0030.png
h,color_7_0136.png
h,color_7_0327.png
h,color_7_0390.png
h,color_7_0484.png
h,color_7_0089.png
h,color_7_0178.png
h,color_7_0018.png
h,color_7_0228.png
h,color_7_0406.png
h,color_7_0260.png
h,color_7_0312.png
h,color_7_0038.png
h,color_7_0379.png
h,color_7_0460.png
h,color_7_0302.png
h,color_7_0452.png
h,color_7_0207.png
h,color_7_0254.png
h,color_7_0363.png
h,color_7_0297.png
h,color_7_0139.png
h,color_7_0480.png
h,color_7_0268.png
h,color_7_0280.png
h,color_7_0486.png
h,color_7_0248.png
h,color_7_0468.png
h,color_7_0057.png
h,color_7_0082.png
h,color_7_0010.png
h,color_7_0194.png
h,color_7_0446.png
h,color_7_0500.png
h,color_7_0229.png
h,color_7_0187.png
h,color_7_0356.png
h,color_7_0218.png
h,color_7_0182.png
h,color_7_0019.png
h,color_7_0410.png
h,color_7_0092.png
h,color_7_0513.png
h,color_7_0330.png
h,color_7_0144.png
h,color_7_0495.png
h,color_7_0279.png
h,color_7_0090.png
h,color_7_0343.png
h,color_7_0365.png
h,color_7_0058.png
h,color_7_0113.png
h,color_7_0503.png
h,color_7_0201.png
h,color_7_0519.png
h,color_7_0219.png
h,color_7_0294.png
h,color_7_0160.png
h,color_7_0244.png
h,color_7_0202.png
h,color_7_0439.png
h,color_7_0370.png
h,color_7_0408.png
h,color_7_0386.png
h,color_7_0075.png
h,color_7_0382.png
h,color_7_0198.png
h,color_7_0376.png
h,color_7_0231.png
h,color_7_0181.png
h,color_7_0414.png
h,color_7_0102.png
h,color_7_0415.png
h,color_7_0359.png
h,color_7_0362.png
h,color_7_0226.png
h,color_7_0426.png
h,color_7_0333.png
h,color_7_0185.png
h,color_7_0392.png
h,color_7_0478.png
h,color_7_0196.png
h,color_7_0055.png
h,color_7_0137.png
h,color_7_0364.png
h,color_7_0447.png
h,color_7_0156.png
h,color_7_0009.png
h,color_7_0401.png
h,color_7_0461.png
h,color_7_0380.png
h,color_7_0466.png
h,color_7_0505.png
h,color_7_0481.png
h,color_7_0022.png
h,color_7_0438.png
h,color_7_0314.png
h,color_7_0306.png
h,color_7_0078.png
h,color_7_0166.png
h,color_7_0149.png
h,color_7_0329.png
h,color_7_0340.png
h,color_7_0427.png
h,color_7_0490.png
h,color_7_0261.png
h,color_7_0171.png
h,color_7_0291.png
h,color_7_0269.png
h,color_7_0081.png
h,color_7_0515.png
h,color_7_0451.png
h,color_7_0342.png
h,color_7_0445.png
h,color_7_0510.png
h,color_7_0431.png
h,color_7_0403.png
h,color_7_0134.png
h,color_7_0344.png
h,color_7_0252.png
h,color_7_0430.png
h,color_7_0300.png
h,color_7_0285.png
h,color_7_0371.png
h,color_7_0036.png
h,color_7_0013.png
h,color_7_0223.png
h,color_7_0455.png
h,color_7_0209.png
h,color_7_0407.png
h,color_7_0108.png
h,color_7_0492.png
h,color_7_0192.png
h,color_7_0176.png
h,color_7_0275.png
h,color_7_0163.png
h,color_7_0322.png
h,color_7_0179.png
h,color_7_0183.png
h,color_7_0453.png
h,color_7_0153.png
h,color_7_0456.png
h,color_7_0287.png
h,color_7_0122.png
h,color_7_0006.png
h,color_7_0301.png
h,color_7_0497.png
h,color_7_0266.png
h,color_7_0416.png
h,color_7_0270.png
h,color_7_0411.png
h,color_7_0165.png
h,color_7_0443.png
h,color_7_0459.png
h,color_7_0501.png
h,color_7_0355.png
h,color_7_0127.png
h,color_7_0017.png
h,color_7_0512.png
h,color_7_0031.png
h,color_7_0243.png
h,color_7_0128.png
h,color_7_0197.png
h,color_7_0337.png
h,color_7_0272.png
h,color_7_0167.png
h,color_7_0349.png
h,color_7_0372.png
h,color_7_0222.png
h,color_7_0383.png
h,color_7_0004.png
h,color_7_0158.png
h,color_7_0293.png
h,color_7_0043.png
h,color_7_0241.png
h,color_7_0375.png
h,color_7_0199.png
h,color_7_0242.png
h,color_7_0212.png
h,color_7_0164.png
h,color_7_0417.png
h,color_7_0124.png
h,color_7_0402.png
h,color_7_0053.png
h,color_7_0335.png
h,color_7_0472.png
h,color_7_0290.png
h,color_7_0442.png
h,color_7_0298.png
h,color_7_0258.png
h,color_7_0062.png
h,color_7_0517.png
h,color_7_0352.png
h,color_7_0023.png
h,color_7_0518.png
h,color_7_0282.png
h,color_7_0399.png
h,color_7_0140.png
h,color_7_0318.png
h,color_7_0238.png
h,color_7_0394.png
h,color_7_0259.png
h,color_7_0264.png
h,color_7_0245.png
h,color_7_0237.png
h,color_7_0274.png
h,color_7_0099.png
h,color_7_0161.png
h,color_7_0317.png
h,color_7_0257.png
h,color_7_0465.png
h,color_7_0498.png
h,color_7_0169.png
h,color_7_0313.png
h,color_7_0276.png
h,color_7_0339.png
h,color_7_0093.png
h,color_7_0404.png
h,color_7_0522.png
h,color_7_0193.png
h,color_7_0506.png
h,color_7_0470.png
h,color_7_0441.png
h,color_7_0321.png
h,color_7_0311.png
h,color_7_0477.png
h,color_7_0107.png
h,color_7_0491.png
h,color_7_0377.png
h,color_7_0263.png
h,color_7_0332.png
h,color_7_0112.png
h,color_7_0348.png
h,color_7_0189.png
h,color_7_0210.png
h,color_7_0514.png
h,color_7_0110.png
h,color_7_0467.png
h,color_7_0249.png
h,color_7_0125.png
h,color_7_0286.png
h,color_7_0429.png
h,color_7_0388.png
h,color_7_0435.png
h,color_7_0516.png
h,color_7_0116.png
h,color_7_0074.png
h,color_7_0341.png
h,color_7_0423.png
h,color_7_0420.png
h,color_7_0307.png
h,color_7_0304.png
h,color_7_0289.png
h,color_7_0507.png
h,color_7_0003.png
h,color_7_0471.png
h,color_7_0271.png
h,color_7_0283.png
h,color_7_0054.png
h,color_7_0400.png
h,color_7_0147.png
h,color_7_0141.png
h,color_7_0422.png
h,color_7_0034.png
h,color_7_0299.png
h,color_7_0104.png
h,color_7_0358.png
h,color_7_0397.png
h,color_7_0448.png
h,color_7_0234.png
h,color_7_0066.png
h,color_7_0008.png
h,color_7_0278.png
h,color_7_0395.png
h,color_7_0509.png
h,color_7_0109.png
h,color_7_0044.png
h,color_7_0002.png
h,color_7_0111.png
h,color_7_0021.png
h,color_7_0177.png
h,color_7_0324.png
h,color_7_0454.png
h,color_7_0367.png
h,color_7_0277.png
h,color_7_0230.png
h,color_7_0296.png
h,color_7_0186.png
h,color_7_0308.png
h,color_7_0011.png
h,color_7_0220.png
h,color_7_0473.png
h,color_7_0432.png
h,color_7_0184.png
h,color_7_0015.png
h,color_7_0319.png
h,color_7_0378.png
h,color_7_0437.png
h,color_7_0247.png
h,color_7_0325.png
h,color_7_0428.png
h,color_7_0143.png
h,color_7_0387.png
h,color_7_0246.png
h,color_7_0224.png
h,color_7_0389.png
h,color_7_0281.png
h,color_7_0409.png
h,color_7_0418.png
h,color_7_0240.png
h,color_7_0256.png
h,color_7_0045.png
h,color_7_0458.png
h,color_7_0374.png
h,color_7_0235.png
h,color_7_0208.png
h,color_7_0323.png
h,color_7_0262.png
h,color_7_0007.png
h,color_7_0489.png
h,color_7_0496.png
h,color_7_0360.png
h,color_7_0469.png
h,color_7_0221.png
h,color_7_0475.png
h,color_7_0047.png
h,color_7_0474.png
h,color_7_0046.png
h,color_7_0499.png
h,color_7_0052.png
h,color_7_0368.png
h,color_7_0326.png
h,color_7_0203.png
h,color_7_0462.png
h,color_7_0239.png
h,color_7_0292.png
h,color_7_0217.png
h,color_7_0091.png
h,color_7_0405.png
h,color_7_0309.png
h,color_7_0373.png
h,color_7_0204.png
h,color_7_0520.png
h,color_7_0331.png
h,color_7_0303.png
h,color_7_0016.png
h,color_7_0476.png
h,color_7_0385.png
h,color_7_0433.png
h,color_7_0162.png
h,color_7_0350.png
h,color_7_0345.png
h,color_7_0061.png
h,color_7_0253.png
h,color_7_0029.png
h,color_7_0384.png
h,color_7_0354.png
h,color_7_0521.png
h,color_7_0028.png
h,color_7_0347.png
h,color_7_0025.png
h,color_7_0200.png
h,color_7_0126.png
h,color_7_0150.png
h,color_7_0436.png
h,color_7_0449.png
h,color_7_0502.png
h,color_7_0353.png
h,color_7_0361.png
h,color_7_0232.png
h,color_7_0059.png
h,color_7_0005.png
h,color_7_0316.png
h,color_7_0216.png
h,color_7_0485.png
h,color_7_0250.png
h,color_7_0042.png
h,color_7_0381.png
h,color_7_0463.png
h,color_7_0464.png
h,color_7_0288.png
h,color_7_0138.png
h,color_7_0357.png
h,color_7_0080.png
h,color_7_0320.png
l,color_11_0383.png
l,color_11_0151.png
l,color_11_0432.png
l,color_11_0138.png
l,color_11_0356.png
l,color_11_0450.png
l,color_11_0336.png
l,color_11_0186.png
l,color_11_0297.png
l,color_11_0154.png
l,color_11_0405.png
l,color_11_0470.png
l,color_11_0507.png
l,color_11_0226.png
l,color_11_0054.png
l,color_11_0349.png
l,color_11_0042.png
l,color_11_0146.png
l,color_11_0437.png
l,color_11_0514.png
l,color_11_0023.png
l,color_11_0072.png
l,color_11_0495.png
l,color_11_0032.png
l,color_11_0412.png
l,color_11_0408.png
l,color_11_0365.png
l,color_11_0177.png
l,color_11_0007.png
l,color_11_0077.png
l,color_11_0382.png
l,color_11_0027.png
l,color_11_0086.png
l,color_11_0348.png
l,color_11_0162.png
l,color_11_0275.png
l,color_11_0171.png
l,color_11_0313.png
l,color_11_0466.png
l,color_11_0299.png
l,color_11_0330.png
l,color_11_0108.png
l,color_11_0281.png
l,color_11_0128.png
l,color_11_0193.png
l,color_11_0019.png
l,color_11_0428.png
l,color_11_0476.png
l,color_11_0172.png
l,color_11_0294.png
l,color_11_0227.png
l,color_11_0334.png
l,color_11_0457.png
l,color_11_0325.png
l,color_11_0503.png
l,color_11_0352.png
l,color_11_0008.png
l,color_11_0169.png
l,color_11_0419.png
l,color_11_0301.png
l,color_11_0011.png
l,color_11_0422.png
l,color_11_0440.png
l,color_11_0401.png
l,color_11_0424.png
l,color_11_0156.png
l,color_11_0413.png
l,color_11_0099.png
l,color_11_0020.png
l,color_11_0345.png
l,color_11_0190.png
l,color_11_0314.png
l,color_11_0189.png
l,color_11_0120.png
l,color_11_0341.png
l,color_11_0106.png
l,color_11_0053.png
l,color_11_0055.png
l,color_11_0092.png
l,color_11_0199.png
l,color_11_0319.png
l,color_11_0030.png
l,color_11_0290.png
l,color_11_0222.png
l,color_11_0379.png
l,color_11_0047.png
l,color_11_0097.png
l,color_11_0273.png
l,color_11_0091.png
l,color_11_0084.png
l,color_11_0485.png
l,color_11_0122.png
l,color_11_0409.png
l,color_11_0306.png
l,color_11_0472.png
l,color_11_0065.png
l,color_11_0004.png
l,color_11_0174.png
l,color_11_0201.png
l,color_11_0486.png
l,color_11_0354.png
l,color_11_0045.png
l,color_11_0105.png
l,color_11_0073.png
l,color_11_0346.png
l,color_11_0292.png
l,color_11_0131.png
l,color_11_0454.png
l,color_11_0166.png
l,color_11_0360.png
l,color_11_0315.png
l,color_11_0025.png
l,color_11_0406.png
l,color_11_0343.png
l,color_11_0215.png
l,color_11_0447.png
l,color_11_0433.png
l,color_11_0459.png
l,color_11_0337.png
l,color_11_0473.png
l,color_11_0340.png
l,color_11_0370.png
l,color_11_0387.png
l,color_11_0090.png
l,color_11_0141.png
l,color_11_0284.png
l,color_11_0300.png
l,color_11_0101.png
l,color_11_0194.png
l,color_11_0350.png
l,color_11_0355.png
l,color_11_0033.png
l,color_11_0502.png
l,color_11_0049.png
l,color_11_0395.png
l,color_11_0305.png
l,color_11_0130.png
l,color_11_0208.png
l,color_11_0307.png
l,color_11_0376.png
l,color_11_0063.png
l,color_11_0066.png
l,color_11_0490.png
l,color_11_0344.png
l,color_11_0430.png
l,color_11_0137.png
l,color_11_0118.png
l,color_11_0212.png
l,color_11_0163.png
l,color_11_0125.png
l,color_11_0014.png
l,color_11_0228.png
l,color_11_0380.png
l,color_11_0269.png
l,color_11_0460.png
l,color_11_0048.png
l,color_11_0464.png
l,color_11_0317.png
l,color_11_0113.png
l,color_11_0134.png
l,color_11_0129.png
l,color_11_0056.png
l,color_11_0183.png
l,color_11_0017.png
l,color_11_0363.png
l,color_11_0389.png
l,color_11_0298.png
l,color_11_0210.png
l,color_11_0040.png
l,color_11_0421.png
l,color_11_0496.png
l,color_11_0465.png
l,color_11_0509.png
l,color_11_0487.png
l,color_11_0110.png
l,color_11_0213.png
l,color_11_0483.png
l,color_11_0079.png
l,color_11_0304.png
l,color_11_0446.png
l,color_11_0329.png
l,color_11_0416.png
l,color_11_0038.png
l,color_11_0417.png
l,color_11_0515.png
l,color_11_0469.png
l,color_11_0167.png
l,color_11_0160.png
l,color_11_0069.png
l,color_11_0513.png
l,color_11_0074.png
l,color_11_0006.png
l,color_11_0152.png
l,color_11_0115.png
l,color_11_0071.png
l,color_11_0293.png
l,color_11_0338.png
l,color_11_0142.png
l,color_11_0150.png
l,color_11_0139.png
l,color_11_0400.png
l,color_11_0285.png
l,color_11_0498.png
l,color_11_0312.png
l,color_11_0209.png
l,color_11_0274.png
l,color_11_0102.png
l,color_11_0225.png
l,color_11_0140.png
l,color_11_0085.png
l,color_11_0362.png
l,color_11_0479.png
l,color_11_0143.png
l,color_11_0381.png
l,color_11_0076.png
l,color_11_0003.png
l,color_11_0168.png
l,color_11_0441.png
l,color_11_0327.png
l,color_11_0059.png
l,color_11_0286.png
l,color_11_0050.png
l,color_11_0347.png
l,color_11_0371.png
l,color_11_0165.png
l,color_11_0157.png
l,color_11_0185.png
l,color_11_0418.png
l,color_11_0051.png
l,color_11_0501.png
l,color_11_0279.png
l,color_11_0136.png
l,color_11_0026.png
l,color_11_0184.png
l,color_11_0474.png
l,color_11_0439.png
l,color_11_0175.png
l,color_11_0443.png
l,color_11_0211.png
l,color_11_0078.png
l,color_11_0010.png
l,color_11_0088.png
l,color_11_0132.png
l,color_11_0218.png
l,color_11_0492.png
l,color_11_0392.png
l,color_11_0043.png
l,color_11_0512.png
l,color_11_0318.png
l,color_11_0282.png
l,color_11_0425.png
l,color_11_0012.png
l,color_11_0173.png
l,color_11_0316.png
l,color_11_0493.png
l,color_11_0179.png
l,color_11_0404.png
l,color_11_0044.png
l,color_11_0481.png
l,color_11_0031.png
l,color_11_0399.png
l,color_11_0311.png
l,color_11_0357.png
l,color_11_0200.png
l,color_11_0123.png
l,color_11_0475.png
l,color_11_0331.png
l,color_11_0229.png
l,color_11_0260.png
l,color_11_0321.png
l,color_11_0230.png
l,color_11_0182.png
l,color_11_0491.png
l,color_11_0427.png
l,color_11_0098.png
l,color_11_0516.png
l,color_11_0133.png
l,color_11_0278.png
l,color_11_0426.png
l,color_11_0067.png
l,color_11_0062.png
l,color_11_0359.png
l,color_11_0188.png
l,color_11_0272.png
l,color_11_0438.png
l,color_11_0328.png
l,color_11_0135.png
l,color_11_0058.png
l,color_11_0462.png
l,color_11_0046.png
l,color_11_0041.png
l,color_11_0375.png
l,color_11_0005.png
l,color_11_0414.png
l,color_11_0181.png
l,color_11_0407.png
l,color_11_0029.png
l,color_11_0148.png
l,color_11_0178.png
l,color_11_0499.png
l,color_11_0283.png
l,color_11_0161.png
l,color_11_0423.png
l,color_11_0116.png
l,color_11_0442.png
l,color_11_0309.png
l,color_11_0287.png
l,color_11_0037.png
l,color_11_0276.png
l,color_11_0024.png
l,color_11_0205.png
l,color_11_0036.png
l,color_11_0386.png
l,color_11_0021.png
l,color_11_0295.png
l,color_11_0144.png
l,color_11_0403.png
l,color_11_0207.png
l,color_11_0187.png
l,color_11_0367.png
l,color_11_0018.png
l,color_11_0089.png
l,color_11_0061.png
l,color_11_0435.png
l,color_11_0468.png
l,color_11_0302.png
l,color_11_0288.png
l,color_11_0477.png
l,color_11_0268.png
l,color_11_0080.png
l,color_11_0458.png
l,color_11_0096.png
l,color_11_0192.png
l,color_11_0121.png
l,color_11_0070.png
l,color_11_0480.png
l,color_11_0197.png
l,color_11_0429.png
l,color_11_0095.png
l,color_11_0377.png
l,color_11_0224.png
l,color_11_0075.png
l,color_11_0310.png
l,color_11_0494.png
l,color_11_0083.png
l,color_11_0277.png
l,color_11_0057.png
l,color_11_0087.png
l,color_11_0203.png
l,color_11_0369.png
l,color_11_0170.png
l,color_11_0366.png
l,color_11_0103.png
l,color_11_0112.png
l,color_11_0449.png
l,color_11_0100.png
l,color_11_0035.png
l,color_11_0221.png
l,color_11_0016.png
l,color_11_0271.png
l,color_11_0164.png
l,color_11_0467.png
l,color_11_0280.png
l,color_11_0064.png
l,color_11_0390.png
l,color_11_0002.png
l,color_11_0082.png
l,color_11_0374.png
l,color_11_0126.png
l,color_11_0506.png
l,color_11_0145.png
l,color_11_0015.png
l,color_11_0052.png
l,color_11_0391.png
l,color_11_0180.png
l,color_11_0453.png
l,color_11_0364.png
l,color_11_0332.png
l,color_11_0444.png
l,color_11_0068.png
l,color_11_0339.png
l,color_11_0296.png
l,color_11_0497.png
l,color_11_0385.png
l,color_11_0155.png
l,color_11_0478.png
l,color_11_0159.png
l,color_11_0216.png
l,color_11_0109.png
l,color_11_0489.png
l,color_11_0508.png
l,color_11_0147.png
l,color_11_0034.png
l,color_11_0104.png
l,color_11_0013.png
l,color_11_0482.png
l,color_11_0488.png
l,color_11_0219.png
l,color_11_0176.png
l,color_11_0361.png
l,color_11_0022.png
l,color_11_0397.png
l,color_11_0195.png
l,color_11_0505.png
l,color_11_0372.png
l,color_11_0384.png
l,color_11_0223.png
l,color_11_0114.png
l,color_11_0158.png
l,color_11_0368.png
l,color_11_0191.png
l,color_11_0461.png
l,color_11_0471.png
l,color_11_0393.png
l,color_11_0373.png
l,color_11_0289.png
l,color_11_0323.png
l,color_11_0231.png
l,color_11_0214.png
l,color_11_0420.png
l,color_11_0342.png
l,color_11_0204.png
l,color_11_0039.png
l,color_11_0436.png
l,color_11_0303.png
l,color_11_0198.png
l,color_11_0202.png
l,color_11_0127.png
l,color_11_0149.png
l,color_11_0119.png
l,color_11_0267.png
l,color_11_0402.png
l,color_11_0324.png
l,color_11_0322.png
l,color_11_0093.png
l,color_11_0009.png
l,color_11_0270.png
l,color_11_0206.png
l,color_11_0353.png
l,color_11_0124.png
l,color_11_0117.png
l,color_11_0107.png
l,color_11_0388.png
l,color_11_0111.png
l,color_11_0326.png
l,color_11_0351.png
l,color_11_0378.png
l,color_11_0358.png
l,color_11_0510.png
l,color_11_0434.png
l,color_11_0394.png
l,color_11_0060.png
l,color_11_0410.png
l,color_11_0291.png
l,color_11_0431.png
l,color_11_0320.png
l,color_11_0028.png
l,color_11_0094.png
l,color_11_0504.png
l,color_11_0500.png
l,color_11_0511.png
l,color_11_0081.png
l,color_11_0484.png
l,color_11_0153.png
x,color_23_0190.png
x,color_23_0438.png
x,color_23_0156.png
x,color_23_0014.png
x,color_23_0437.png
x,color_23_0238.png
x,color_23_0487.png
x,color_23_0015.png
x,color_23_0393.png
x,color_23_0137.png
x,color_23_0483.png
x,color_23_0333.png
x,color_23_0430.png
x,color_23_0364.png
x,color_23_0173.png
x,color_23_0024.png
x,color_23_0330.png
x,color_23_0382.png
x,color_23_0423.png
x,color_23_0236.png
x,color_23_0163.png
x,color_23_0168.png
x,color_23_0274.png
x,color_23_0057.png
x,color_23_0111.png
x,color_23_0359.png
x,color_23_0162.png
x,color_23_0254.png
x,color_23_0314.png
x,color_23_0116.png
x,color_23_0133.png
x,color_23_0081.png
x,color_23_0275.png
x,color_23_0160.png
x,color_23_0394.png
x,color_23_0029.png
x,color_23_0320.png
x,color_23_0277.png
x,color_23_0325.png
x,color_23_0311.png
x,color_23_0366.png
x,color_23_0229.png
x,color_23_0114.png
x,color_23_0473.png
x,color_23_0507.png
x,color_23_0481.png
x,color_23_0315.png
x,color_23_0383.png
x,color_23_0020.png
x,color_23_0205.png
x,color_23_0079.png
x,color_23_0181.png
x,color_23_0132.png
x,color_23_0177.png
x,color_23_0282.png
x,color_23_0191.png
x,color_23_0084.png
x,color_23_0152.png
x,color_23_0335.png
x,color_23_0343.png
x,color_23_0080.png
x,color_23_0180.png
x,color_23_0510.png
x,color_23_0006.png
x,color_23_0004.png
x,color_23_0484.png
x,color_23_0166.png
x,color_23_0249.png
x,color_23_0331.png
x,color_23_0460.png
x,color_23_0256.png
x,color_23_0450.png
x,color_23_0455.png
x,color_23_0512.png
x,color_23_0444.png
x,color_23_0372.png
x,color_23_0508.png
x,color_23_0259.png
x,color_23_0385.png
x,color_23_0293.png
x,color_23_0264.png
x,color_23_0345.png
x,color_23_0485.png
x,color_23_0155.png
x,color_23_0371.png
x,color_23_0121.png
x,color_23_0260.png
x,color_23_0276.png
x,color_23_0465.png
x,color_23_0105.png
x,color_23_0500.png
x,color_23_0169.png
x,color_23_0517.png
x,color_23_0041.png
x,color_23_0501.png
x,color_23_0038.png
x,color_23_0069.png
x,color_23_0063.png
x,color_23_0055.png
x,color_23_0049.png
x,color_23_0273.png
x,color_23_0449.png
x,color_23_0013.png
x,color_23_0148.png
x,color_23_0386.png
x,color_23_0265.png
x,color_23_0361.png
x,color_23_0030.png
x,color_23_0509.png
x,color_23_0370.png
x,color_23_0376.png
x,color_23_0439.png
x,color_23_0189.png
x,color_23_0514.png
x,color_23_0283.png
x,color_23_0036.png
x,color_23_0478.png
x,color_23_0035.png
x,color_23_0294.png
x,color_23_0374.png
x,color_23_0433.png
x,color_23_0193.png
x,color_23_0052.png
x,color_23_0349.png
x,color_23_0269.png
x,color_23_0280.png
x,color_23_0153.png
x,color_23_0037.png
x,color_23_0356.png
x,color_23_0381.png
x,color_23_0397.png
x,color_23_0434.png
x,color_23_0142.png
x,color_23_0435.png
x,color_23_0303.png
x,color_23_0477.png
x,color_23_0146.png
x,color_23_0131.png
x,color_23_0050.png
x,color_23_0161.png
x,color_23_0125.png
x,color_23_0253.png
x,color_23_0270.png
x,color_23_0026.png
x,color_23_0195.png
x,color_23_0290.png
x,color_23_0479.png
x,color_23_0317.png
x,color_23_0117.png
x,color_23_0047.png
x,color_23_0144.png
x,color_23_0503.png
x,color_23_0516.png
x,color_23_0136.png
x,color_23_0440.png
x,color_23_0316.png
x,color_23_0373.png
x,color_23_0230.png
x,color_23_0504.png
x,color_23_0329.png
x,color_23_0318.png
x,color_23_0266.png
x,color_23_0313.png
x,color_23_0017.png
x,color_23_0453.png
x,color_23_0032.png
x,color_23_0300.png
x,color_23_0009.png
x,color_23_0147.png
x,color_23_0112.png
x,color_23_0292.png
x,color_23_0390.png
x,color_23_0262.png
x,color_23_0319.png
x,color_23_0022.png
x,color_23_0302.png
x,color_23_0119.png
x,color_23_0459.png
x,color_23_0518.png
x,color_23_0284.png
x,color_23_0120.png
x,color_23_0255.png
x,color_23_0399.png
x,color_23_0040.png
x,color_23_0248.png
x,color_23_0296.png
x,color_23_0380.png
x,color_23_0139.png
x,color_23_0496.png
x,color_23_0324.png
x,color_23_0232.png
x,color_23_0005.png
x,color_23_0023.png
x,color_23_0297.png
x,color_23_0061.png
x,color_23_0076.png
x,color_23_0289.png
x,color_23_0301.png
x,color_23_0176.png
x,color_23_0115.png
x,color_23_0351.png
x,color_23_0122.png
x,color_23_0368.png
x,color_23_0387.png
x,color_23_0443.png
x,color_23_0245.png
x,color_23_0175.png
x,color_23_0377.png
x,color_23_0445.png
x,color_23_0151.png
x,color_23_0308.png
x,color_23_0002.png
x,color_23_0188.png
x,color_23_0454.png
x,color_23_0048.png
x,color_23_0378.png
x,color_23_0357.png
x,color_23_0482.png
x,color_23_0011.png
x,color_23_0502.png
x,color_23_0231.png
x,color_23_0511.png
x,color_23_0007.png
x,color_23_0312.png
x,color_23_0246.png
x,color_23_0520.png
x,color_23_0321.png
x,color_23_0250.png
x,color_23_0513.png
x,color_23_0138.png
x,color_23_0426.png
x,color_23_0241.png
x,color_23_0494.png
x,color_23_0242.png
x,color_23_0019.png
x,color_23_0268.png
x,color_23_0164.png
x,color_23_0239.png
x,color_23_0028.png
x,color_23_0157.png
x,color_23_0493.png
x,color_23_0441.png
x,color_23_0073.png
x,color_23_0365.png
x,color_23_0060.png
x,color_23_0202.png
x,color_23_0158.png
x,color_23_0127.png
x,color_23_0010.png
x,color_23_0106.png
x,color_23_0486.png
x,color_23_0059.png
x,color_23_0043.png
x,color_23_0244.png
x,color_23_0291.png
x,color_23_0406.png
x,color_23_0462.png
x,color_23_0240.png
x,color_23_0149.png
x,color_23_0083.png
x,color_23_0243.png
x,color_23_0046.png
x,color_23_0141.png
x,color_23_0340.png
x,color_23_0521.png
x,color_23_0201.png
x,color_23_0328.png
x,color_23_0185.png
x,color_23_0174.png
x,color_23_0159.png
x,color_23_0012.png
x,color_23_0358.png
x,color_23_0392.png
x,color_23_0003.png
x,color_23_0267.png
x,color_23_0468.png
x,color_23_0215.png
x,color_23_0424.png
x,color_23_0363.png
x,color_23_0234.png
x,color_23_0519.png
x,color_23_0263.png
x,color_23_0257.png
x,color_23_0464.png
x,color_23_0480.png
x,color_23_0203.png
x,color_23_0489.png
x,color_23_0165.png
x,color_23_0341.png
x,color_23_0323.png
x,color_23_0379.png
x,color_23_0389.png
x,color_23_0251.png
x,color_23_0235.png
x,color_23_0298.png
x,color_23_0306.png
x,color_23_0498.png
x,color_23_0354.png
x,color_23_0128.png
x,color_23_0476.png
x,color_23_0506.png
x,color_23_0458.png
x,color_23_0360.png
x,color_23_0075.png
x,color_23_0113.png
x,color_23_0178.png
x,color_23_0304.png
x,color_23_0310.png
x,color_23_0367.png
x,color_23_0305.png
x,color_23_0467.png
x,color_23_0369.png
x,color_23_0130.png
x,color_23_0451.png
x,color_23_0396.png
x,color_23_0461.png
x,color_23_0192.png
x,color_23_0491.png
x,color_23_0307.png
x,color_23_0488.png
x,color_23_0271.png
x,color_23_0027.png
x,color_23_0261.png
x,color_23_0135.png
x,color_23_0432.png
x,color_23_0470.png
x,color_23_0200.png
x,color_23_0429.png
x,color_23_0499.png
x,color_23_0077.png
x,color_23_0490.png
x,color_23_0287.png
x,color_23_0288.png
x,color_23_0452.png
x,color_23_0194.png
x,color_23_0123.png
x,color_23_0143.png
x,color_23_0237.png
x,color_23_0054.png
x,color_23_0472.png
x,color_23_0056.png
x,color_23_0339.png
x,color_23_0492.png
x,color_23_0326.png
x,color_23_0124.png
x,color_23_0332.png
x,color_23_0463.png
x,color_23_0051.png
x,color_23_0058.png
x,color_23_0337.png
x,color_23_0495.png
x,color_23_0042.png
x,color_23_0082.png
x,color_23_0126.png
x,color_23_0198.png
x,color_23_0021.png
x,color_23_0233.png
x,color_23_0086.png
x,color_23_0074.png
x,color_23_0279.png
x,color_23_0034.png
x,color_23_0179.png
x,color_23_0078.png
x,color_23_0348.png
x,color_23_0384.png
x,color_23_0039.png
x,color_23_0134.png
x,color_23_0299.png
x,color_23_0505.png
x,color_23_0065.png
x,color_23_0391.png
x,color_23_0067.png
x,color_23_0196.png
x,color_23_0309.png
x,color_23_0044.png
x,color_23_0167.png
x,color_23_0016.png
x,color_23_0442.png
x,color_23_0285.png
x,color_23_0187.png
x,color_23_0278.png
x,color_23_0456.png
x,color_23_0375.png
x,color_23_0395.png
x,color_23_0150.png
x,color_23_0342.png
x,color_23_0140.png
x,color_23_0018.png
x,color_23_0295.png
x,color_23_0281.png
x,color_23_0070.png
x,color_23_0045.png
x,color_23_0353.png
x,color_23_0336.png
x,color_23_0068.png
x,color_23_0129.png
x,color_23_0272.png
x,color_23_0170.png
x,color_23_0025.png
x,color_23_0286.png
x,color_23_0062.png
x,color_23_0118.png
x,color_23_0436.png
x,color_23_0428.png
x,color_23_0515.png
x,color_23_0427.png
x,color_23_0338.png
x,color_23_0252.png
x,color_23_0522.png
x,color_23_0154.png
x,color_23_0322.png
x,color_23_0466.png
x,color_23_0431.png
x,color_23_0053.png
x,color_23_0258.png
x,color_23_0327.png
x,color_23_0425.png
x,color_23_0008.png
x,color_23_0172.png
x,color_23_0247.png
x,color_23_0457.png
x,color_23_0362.png
x,color_23_0031.png
